id,first_name,last_name,email,gender,ip_address
1,Hobard,Ciccoloi,hciccoloi0@dedecms.com,Agender,244.146.75.96
2,Keir,Vogeler,kvogeler1@zimbio.com,Male,208.233.203.196
3,Mikaela,Priddie,mpriddie2@google.pl,Female,176.154.140.174
4,Benedicta,Cordet,bcordet3@columbia.edu,Agender,204.121.75.159
5,Maryanna,Bruin,mbruin4@mozilla.org,Female,147.67.238.39
6,Odetta,Moulsdale,omoulsdale5@addtoany.com,Female,212.248.150.124
7,Grethel,Harrisson,gharrisson6@amazon.com,Female,202.252.137.95
8,Gray,Abrashkov,gabrashkov7@canalblog.com,Male,209.135.162.188
9,Forrest,Tremayne,ftremayne8@google.nl,Male,12.222.207.183
10,Alison,Bryant,abryant9@example.com,Female,126.17.158.215
11,Gisela,Mattiuzzi,gmattiuzzia@de.vu,Female,23.231.241.166
12,Marv,Forsey,mforseyb@google.ru,Male,206.243.122.69
13,Mechelle,Hedworth,mhedworthc@senate.gov,Female,108.76.14.138
14,Liz,Le Friec,llefriecd@51.la,Agender,194.48.221.180
15,Marissa,Wilmington,mwilmingtone@elpais.com,Female,23.163.86.142
16,Julio,Floch,jflochf@imageshack.us,Male,117.143.187.164
17,Corby,Brewis,cbrewisg@disqus.com,Male,234.87.64.52
18,Dacia,Chinge de Hals,dchingedehalsh@ehow.com,Female,175.95.254.49
19,Minetta,Strowther,mstrowtheri@hubpages.com,Female,133.53.196.232
20,Ogden,Lindeboom,olindeboomj@last.fm,Male,64.214.59.209
21,Grazia,Mosdell,gmosdellk@tinypic.com,Female,196.184.122.185
22,Enrika,Wartonby,ewartonbyl@guardian.co.uk,Non-binary,33.25.31.208
23,Moina,Buckmaster,mbuckmasterm@answers.com,Female,84.61.225.56
24,Deidre,Vick,dvickn@list-manage.com,Female,69.42.34.206
25,Dave,Williamson,dwilliamsono@hibu.com,Male,212.240.78.191
26,Juana,Ambrogelli,jambrogellip@washingtonpost.com,Female,69.3.239.137
27,Godfrey,Gerhts,ggerhtsq@mail.ru,Genderqueer,149.217.166.121
28,Jdavie,Bartholomew,jbartholomewr@cyberchimps.com,Male,121.52.249.246
29,Stormi,Losseljong,slosseljongs@shareasale.com,Female,68.14.124.15
30,Nicolas,Schimonek,nschimonekt@technorati.com,Male,125.96.11.131
31,Demetre,Ambrozewicz,dambrozewiczu@gmpg.org,Male,183.233.194.36
32,Guthrie,Grizard,ggrizardv@wsj.com,Male,196.157.25.129
33,Marena,Chantrell,mchantrellw@usda.gov,Female,199.106.193.155
34,Rita,Grimm,rgrimmx@pinterest.com,Female,187.219.156.235
35,Farley,Hurnell,fhurnelly@tinypic.com,Male,148.28.225.20
36,Kelila,Glenn,kglennz@dailymail.co.uk,Female,15.29.89.207
37,Jillayne,Isacke,jisacke10@fastcompany.com,Female,211.75.180.62
38,Cart,Stanway,cstanway11@buzzfeed.com,Male,3.252.233.15
39,Ingra,Macbeth,imacbeth12@va.gov,Male,115.113.111.124
40,Sarina,Gillatt,sgillatt13@twitter.com,Female,211.114.111.151
41,Libbi,Lamond,llamond14@drupal.org,Female,35.153.56.123
42,Reinaldo,Haston,rhaston15@reuters.com,Male,168.83.109.172
43,Trudie,Haszard,thaszard16@wordpress.org,Female,158.64.199.144
44,Midge,McAne,mmcane17@usnews.com,Female,115.94.37.55
45,Anatola,Bridgen,abridgen18@twitpic.com,Female,7.66.193.114
46,Elmer,Bertin,ebertin19@imdb.com,Male,126.233.186.168
47,Gram,Macon,gmacon1a@google.fr,Non-binary,252.121.209.54
48,Gilly,Whelpdale,gwhelpdale1b@upenn.edu,Female,110.202.138.109
49,Kliment,Hannibal,khannibal1c@discovery.com,Male,50.131.138.85
50,Milton,Suett,msuett1d@wunderground.com,Male,247.18.233.1
51,Bernadette,Carren,bcarren1e@hp.com,Female,51.204.249.163
52,Marleah,Wilcinskis,mwilcinskis1f@creativecommons.org,Female,62.168.188.231
53,Chere,McAuslene,cmcauslene1g@photobucket.com,Female,213.57.154.226
54,Alameda,Darrel,adarrel1h@hhs.gov,Female,130.77.52.41
55,Colet,Whether,cwhether1i@about.com,Male,113.232.129.254
56,Teodoro,Sommerled,tsommerled1j@ocn.ne.jp,Male,172.61.165.253
57,Sylvia,Zieme,szieme1k@nationalgeographic.com,Female,116.198.92.184
58,Westleigh,Huyhton,whuyhton1l@marriott.com,Male,124.211.181.8
59,Etan,Pizzie,epizzie1m@google.com.br,Male,67.189.187.17
60,Dave,Thraves,dthraves1n@wired.com,Male,25.139.170.115
61,Franni,Winram,fwinram1o@hugedomains.com,Agender,210.163.142.208
62,Milly,Vearncomb,mvearncomb1p@fastcompany.com,Female,37.118.75.197
63,Ketty,Dorow,kdorow1q@bravesites.com,Female,56.132.192.118
64,Jonathan,Drover,jdrover1r@php.net,Male,183.72.194.78
65,Remington,Hatton,rhatton1s@livejournal.com,Male,116.30.159.246
66,Horton,Vezey,hvezey1t@w3.org,Male,182.74.28.151
67,Olvan,Crother,ocrother1u@ehow.com,Male,15.249.34.104
68,Antin,Marcussen,amarcussen1v@google.de,Male,210.148.84.40
69,Dar,Lown,dlown1w@imageshack.us,Male,118.146.111.35
70,Corette,Abbets,cabbets1x@gmpg.org,Female,83.36.105.183
71,Germana,Franchi,gfranchi1y@blogger.com,Agender,175.213.210.69
72,Germain,Titford,gtitford1z@epa.gov,Female,48.40.234.52
73,Iain,Mayze,imayze20@walmart.com,Male,191.189.146.167
74,Farlee,Grandham,fgrandham21@geocities.jp,Male,87.171.171.93
75,Georgiana,Connor,gconnor22@pcworld.com,Female,190.74.54.119
76,Carlina,Behne,cbehne23@google.fr,Female,127.251.162.163
77,Janessa,Lowthian,jlowthian24@xinhuanet.com,Female,133.180.58.39
78,Lazarus,Duker,lduker25@statcounter.com,Male,252.77.179.185
79,Cosmo,Bampford,cbampford26@wiley.com,Male,155.92.129.129
80,Perry,Weatherill,pweatherill27@technorati.com,Male,120.54.135.224
81,Lorita,Caswall,lcaswall28@is.gd,Agender,14.38.197.107
82,Mala,Dulieu,mdulieu29@gizmodo.com,Female,198.97.87.126
83,Bobine,Sisey,bsisey2a@merriam-webster.com,Female,114.180.198.191
84,Benson,O' Hanvey,bohanvey2b@ebay.co.uk,Male,237.159.14.221
85,Maury,Butchard,mbutchard2c@state.gov,Male,243.94.9.178
86,Gilly,Riddler,griddler2d@nih.gov,Female,58.198.252.234
87,Izabel,Vanini,ivanini2e@csmonitor.com,Female,91.196.208.36
88,June,Hencke,jhencke2f@ucla.edu,Non-binary,134.34.103.151
89,Nicoli,Whines,nwhines2g@quantcast.com,Female,120.13.248.188
90,Tammara,Craigheid,tcraigheid2h@blogtalkradio.com,Female,75.240.47.254
91,Ritchie,Eldrid,reldrid2i@noaa.gov,Male,218.81.220.90
92,Ambrose,Scarman,ascarman2j@google.cn,Male,174.44.128.185
93,Edgard,Diament,ediament2k@abc.net.au,Male,185.58.59.94
94,Marcelo,Emanuele,memanuele2l@spiegel.de,Male,139.59.75.130
95,Nester,Hacun,nhacun2m@twitter.com,Male,116.64.165.28
96,Aloin,Brennan,abrennan2n@infoseek.co.jp,Male,235.27.105.179
97,Hobie,Pinniger,hpinniger2o@joomla.org,Male,51.174.115.37
98,Babette,Iorns,biorns2p@comcast.net,Female,120.115.10.199
99,Maddalena,Goodoune,mgoodoune2q@sina.com.cn,Female,95.232.155.44
100,Edouard,Snodden,esnodden2r@slashdot.org,Male,121.91.79.84
101,Frederigo,Jerromes,fjerromes2s@github.com,Male,231.138.95.166
102,Jaynell,Yarnton,jyarnton2t@bluehost.com,Female,164.72.64.136
103,Huey,Osboldstone,hosboldstone2u@cbsnews.com,Male,201.69.125.107
104,Lorianna,Lettice,llettice2v@bravesites.com,Genderfluid,165.18.114.227
105,Clovis,Montrose,cmontrose2w@quantcast.com,Female,195.171.207.188
106,Gracia,Jiruca,gjiruca2x@sfgate.com,Genderfluid,208.121.59.123
107,Julieta,Huskisson,jhuskisson2y@eventbrite.com,Female,16.76.179.85
108,Miran,Maxfield,mmaxfield2z@deliciousdays.com,Female,196.228.132.200
109,Nancee,Screase,nscrease30@angelfire.com,Female,135.231.142.219
110,Kearney,Low,klow31@nydailynews.com,Male,36.95.120.147
111,Ansel,Roads,aroads32@yahoo.com,Male,76.107.190.175
112,Maighdiln,Chellam,mchellam33@cpanel.net,Female,86.167.76.82
113,Annnora,Bramwich,abramwich34@addthis.com,Female,119.232.117.83
114,Dominik,Appleton,dappleton35@bloomberg.com,Male,174.44.73.38
115,Dynah,Whiles,dwhiles36@pen.io,Female,56.67.216.31
116,Isiahi,Bard,ibard37@wix.com,Genderfluid,206.64.218.29
117,Jill,Frankcom,jfrankcom38@scribd.com,Female,111.101.91.100
118,Layney,Posselow,lposselow39@plala.or.jp,Female,109.179.36.213
119,Davine,Calway,dcalway3a@liveinternet.ru,Genderqueer,237.59.245.140
120,Ramon,Cubbin,rcubbin3b@digg.com,Male,55.141.163.179
121,Stacy,Osmon,sosmon3c@sciencedirect.com,Female,161.171.91.184
122,Rochella,Mandell,rmandell3d@economist.com,Female,114.243.72.131
123,Kurt,Fabb,kfabb3e@time.com,Male,98.22.180.213
124,Iggie,Staker,istaker3f@forbes.com,Male,200.247.0.2
125,Kelly,Licari,klicari3g@discuz.net,Female,165.2.31.179
126,Tedie,Weben,tweben3h@jimdo.com,Male,206.158.175.14
127,Carly,Hartwright,chartwright3i@acquirethisname.com,Male,10.33.216.15
128,Shalom,Minors,sminors3j@is.gd,Male,226.36.148.176
129,Chucho,Bolzen,cbolzen3k@lycos.com,Male,29.221.163.4
130,Nicole,Thurstan,nthurstan3l@archive.org,Female,96.86.24.96
131,Sukey,Cicconettii,scicconettii3m@sohu.com,Female,103.11.166.189
132,Andras,Balchen,abalchen3n@un.org,Male,84.233.184.118
133,Floria,Beech,fbeech3o@cpanel.net,Female,10.197.40.0
134,Ree,Edinburgh,redinburgh3p@shinystat.com,Non-binary,86.37.172.53
135,Gene,Dewes,gdewes3q@sohu.com,Bigender,124.200.106.81
136,Cammy,Bernardot,cbernardot3r@tripadvisor.com,Female,167.130.163.130
137,Ole,Shearsby,oshearsby3s@mysql.com,Male,83.147.175.104
138,Sayer,Caffery,scaffery3t@canalblog.com,Male,180.201.187.140
139,Elke,Jachimak,ejachimak3u@nhs.uk,Female,199.212.117.78
140,Kiel,Govier,kgovier3v@homestead.com,Male,91.204.29.144
141,Beth,Eakly,beakly3w@ucsd.edu,Genderfluid,9.188.248.247
142,Taite,Curtis,tcurtis3x@irs.gov,Male,47.64.2.163
143,Morton,Ewens,mewens3y@cnet.com,Male,194.5.165.254
144,Misty,Turbitt,mturbitt3z@godaddy.com,Female,242.196.49.192
145,Natale,Anglin,nanglin40@pinterest.com,Male,79.81.134.62
146,Lilith,Sacchetti,lsacchetti41@discovery.com,Female,49.1.201.81
147,Margeaux,Taudevin,mtaudevin42@army.mil,Female,4.92.253.123
148,Guss,Edwick,gedwick43@1688.com,Male,88.132.140.125
149,Theodosia,Comberbach,tcomberbach44@army.mil,Female,227.165.94.156
150,Olivette,Tilford,otilford45@wsj.com,Female,12.184.144.212
151,Bria,Gilphillan,bgilphillan46@multiply.com,Female,161.170.165.153
152,Roddy,Whorf,rwhorf47@earthlink.net,Male,31.56.70.228
153,Kathlin,Hassur,khassur48@hud.gov,Female,217.231.47.147
154,Almeta,Goly,agoly49@diigo.com,Female,217.252.216.108
155,Carolynn,Dominy,cdominy4a@bing.com,Female,74.134.138.151
156,Roana,Espinazo,respinazo4b@ed.gov,Female,47.113.41.232
157,Emlynne,Goldstone,egoldstone4c@scribd.com,Female,85.240.190.217
158,Lewes,Wason,lwason4d@indiegogo.com,Male,10.21.190.228
159,Willey,Pinck,wpinck4e@google.ca,Male,250.211.121.169
160,Mikol,Jayume,mjayume4f@shutterfly.com,Male,25.22.166.96
161,Pammie,McNeilley,pmcneilley4g@alexa.com,Female,204.229.31.128
162,Artur,Cridlon,acridlon4h@is.gd,Bigender,101.168.51.104
163,Veronike,Brimm,vbrimm4i@histats.com,Female,183.44.102.108
164,Eva,Petche,epetche4j@uiuc.edu,Female,170.106.80.243
165,Anatollo,Hedling,ahedling4k@google.co.jp,Male,143.16.186.189
166,Floria,Cubley,fcubley4l@github.io,Female,44.72.217.187
167,Irita,Keyser,ikeyser4m@biglobe.ne.jp,Female,229.56.26.201
168,Normand,Janacek,njanacek4n@examiner.com,Male,23.61.233.165
169,Bone,Minton,bminton4o@tamu.edu,Male,21.108.79.117
170,Erhart,Blythe,eblythe4p@angelfire.com,Male,167.19.58.122
171,Bent,Vanezis,bvanezis4q@topsy.com,Male,144.91.230.212
172,Burch,Mathelin,bmathelin4r@hao123.com,Male,182.58.197.13
173,Blake,Bealton,bbealton4s@etsy.com,Male,64.47.85.111
174,Ynes,Dimsdale,ydimsdale4t@illinois.edu,Female,247.8.251.104
175,Glenn,Heathorn,gheathorn4u@odnoklassniki.ru,Genderfluid,141.138.104.248
176,Chrissy,Jikylls,cjikylls4v@taobao.com,Male,100.39.208.166
177,Georgia,Durrett,gdurrett4w@i2i.jp,Female,26.179.68.41
178,Marabel,Glanester,mglanester4x@jigsy.com,Female,12.25.109.123
179,Van,Labuschagne,vlabuschagne4y@ted.com,Male,22.237.201.100
180,Bronson,Dobing,bdobing4z@uol.com.br,Male,107.182.30.7
181,Kameko,Apted,kapted50@sun.com,Female,246.195.77.113
182,Millie,Yesenev,myesenev51@usda.gov,Female,107.150.35.55
183,Lianne,Offener,loffener52@salon.com,Female,35.33.139.253
184,Serge,Swin,sswin53@hibu.com,Male,28.177.116.146
185,Iseabal,Bingham,ibingham54@usnews.com,Female,171.218.38.152
186,Felecia,Pleasaunce,fpleasaunce55@si.edu,Female,51.21.110.143
187,Fionnula,Galilee,fgalilee56@qq.com,Female,22.135.243.80
188,Joelly,Ambrozik,jambrozik57@odnoklassniki.ru,Female,155.124.152.213
189,Rriocard,Jancy,rjancy58@admin.ch,Male,0.151.223.144
190,Tallie,Fell,tfell59@php.net,Female,47.148.182.142
191,Judas,Stiant,jstiant5a@npr.org,Male,119.155.110.73
192,Albie,Torfin,atorfin5b@businessweek.com,Male,189.48.179.60
193,Juline,MacGeaney,jmacgeaney5c@devhub.com,Female,243.194.53.61
194,Russell,Anning,ranning5d@si.edu,Male,154.120.220.112
195,Hortensia,Abells,habells5e@bravesites.com,Female,141.193.237.151
196,Jilly,Burnett,jburnett5f@github.io,Genderqueer,102.32.232.219
197,Chrissy,Pettegree,cpettegree5g@wsj.com,Female,206.134.159.156
198,Cary,Blennerhassett,cblennerhassett5h@ifeng.com,Male,166.243.153.239
199,Cristian,Ellen,cellen5i@cdc.gov,Male,192.169.173.186
200,Vic,Nellies,vnellies5j@economist.com,Male,55.30.171.169
